individual_category,review_count
Restaurants,1891134
Food,725319
Nightlife,616684
Bars,582921
American (Traditional),405158
American (New),393803
Breakfast & Brunch,347120
Sandwiches,277131
Seafood,248402
Event Planning & Services,244658
Shopping,209512
Pizza,190630
Burgers,178376
Coffee & Tea,176338
Italian,176208
Mexican,172727
Beauty & Spas,148008
Arts & Entertainment,137805
Cocktail Bars,135934
Salad,133544
Hotels & Travel,132257
Desserts,122995
Cafes,115944
Specialty Food,107323
Cajun/Creole,101032
Steakhouses,96001
Automotive,95951
Home Services,95256
Beer,93153
Wine & Spirits,93153
Fast Food,93033
Sushi Bars,89822
Chinese,88485
Pubs,87597
Bakeries,87370
Caterers,87367
Southern,86531
Japanese,86467
Venues & Event Spaces,86445
Active Life,82688
Local Services,82550
Barbeque,79394
Health & Medical,78826
Asian Fusion,78000
Wine Bars,77894
Sports Bars,77308
Hotels,76573
Vegetarian,73615
Chicken Wings,70442
Diners,69220
Ice Cream & Frozen Yogurt,60492
Nail Salons,60038
Delis,56245
Local Flavor,55336
Mediterranean,54179
Auto Repair,53785
Lounges,51883
Gluten-Free,50063
Beer Bar,49918
Grocery,49678
Fashion,49242
Vegan,47533
Music Venues,47437
Hair Salons,46315
Thai,45918
Gastropubs,45785
Home & Garden,45779
Juice Bars & Smoothies,45728
Comfort Food,44921
Breweries,44353
Hair Removal,44211
Soup,42587
French,37897
Vietnamese,36568
Latin American,36416
Tacos,34722
Waxing,33970
Pets,33180
Tapas/Small Plates,32523
Day Spas,32377
Tex-Mex,32002
Indian,31562
Skin Care,31558
Greek,29010
Ethnic Food,27957
Middle Eastern,26924
Soul Food,26789
Massage,26412
Car Dealers,26355
Fitness & Instruction,24813
Tours,24586
Cheesesteaks,24545
Auto Parts & Supplies,24527
Food Delivery Services,24412
Food Trucks,24147
Donuts,23663
Doctors,23475
Professional Services,23381
Pet Services,22681
Tires,22531
Oil Change Stations,22504
Korean,22485
Real Estate,22441
Buffets,22439
Noodles,21980
Chicken Shop,21589
Bagels,21112
Hot Dogs,19601
Caribbean,18983
Flowers & Gifts,18684
Dive Bars,18653
Party & Event Planning,17825
Tapas Bars,16839
Department Stores,16590
Eyelash Service,16481
Bubble Tea,15956
Sporting Goods,15945
Women's Clothing,15784
Spanish,15549
Gyms,15167
Museums,14735
Home Decor,14658
Education,14548
Contractors,14435
Public Services & Government,14412
Dentists,14163
Cuban,14158
Ramen,14054
Furniture Stores,13940
Electronics,13930
Parks,13902
Barbers,13600
Pet Groomers,13468
Veterinarians,13464
Convenience Stores,13136
Cosmetics & Beauty Supply,13044
Transportation,13041
Drugstores,12894
Hair Stylists,12836
Wineries,12768
Health Markets,12447
Apartments,12429
Arts & Crafts,12144
Body Shops,12134
Cinema,12077
Dance Clubs,12017
Seafood Markets,11855
Meat Shops,11852
Massage Therapy,11787
Trainers,11737
Pet Sitting,11660
General Dentistry,11569
Accessories,11485
Jewelry,11281
Makeup Artists,10994
Farmers Market,10943
Halal,10936
Casinos,10707
Food Stands,10702
Jazz & Blues,10580
Resorts,10502
Fruits & Veggies,10501
Pakistani,10255
Car Rental,10201
Car Wash,10139
Beer Gardens,10130
IT Services & Computer Repair,10121
Brewpubs,9996
Cosmetic Dentists,9990
Irish,9922
Men's Clothing,9881
Chocolatiers & Shops,9864
Auto Detailing,9822
Dim Sum,9802
Plumbing,9614
Mags,9565
Books,9565
Music & Video,9565
Hawaiian,9520
Heating & Air Conditioning/HVAC,9489
Medical Centers,9475
Coffee Roasteries,9401
Live/Raw Food,9400
Appliances,9377
Art Galleries,9361
Nurseries & Gardening,9308
Cupcakes,9225
Pet Stores,9138
Shopping Centers,9002
German,8983
Movers,8961
Performing Arts,8728
Mobile Phones,8707
Florists,8648
Gelato,8642
Financial Services,8398
Candy Stores,8191
Wedding Planning,8179
Landmarks & Historical Buildings,8146
Modern European,8052
Yoga,8033
Gift Shops,7880
Used,7878
Vintage & Consignment,7878
Fish & Chips,7867
Wraps,7792
Creperies,7521
Arcades,7508
Shoe Stores,7403
Mattresses,7295
Men's Hair Salons,7226
Optometrists,7155
Specialty Schools,7122
Szechuan,7046
Appliances & Repair,6957
Poke,6939
Cheese Shops,6871
Building Supplies,6834
Hair Extensions,6785
Eyewear & Opticians,6779
Brazilian,6743
Acai Bowls,6720
Karaoke,6705
Brasseries,6613
Medical Spas,6575
Smokehouse,6554
Hardware Stores,6524
Tanning,6509
Laundry Services,6392
New Mexican Cuisine,6363
Discount Store,6290
Pasta Shops,6258
Historical Tours,6223
Amusement Parks,6206
Gas Stations,6198
Dry Cleaning & Laundry,6162
Tobacco Shops,6158
Sewing & Alterations,6139
Street Vendors,6051
Bridal,5991
Home Cleaning,5910
Airports,5887
Irish Pub,5860
Auto Glass Services,5826
Butcher,5777
Blow Dry/Out Services,5753
Tattoo,5683
Shipping Centers,5661
Kitchen & Bath,5660
Tea Rooms,5618
Used Car Dealers,5610
Food Court,5581
British,5574
Bed & Breakfast,5540
Water Heater Installation/Repair,5502
Self Storage,5426
Organic Stores,5402
Whiskey Bars,5346
Property Management,5305
Eyebrow Services,5278
Bookstores,5266
Printing Services,5188
Wine Tasting Room,5137
Bikes,5055
Thrift Stores,5044
Urgent Care,5026
Nail Technicians,4999
Community Service/Non-Profit,4973
Custom Cakes,4918
Real Estate Services,4915
Landscaping,4859
Waffles,4799
Canadian (New),4787
Pet Training,4724
Mobile Phone Repair,4701
Hospitals,4619
Computers,4585
Antiques,4576
Oral Surgeons,4538
Festivals,4489
Towing,4479
Reflexology,4416
Bowling,4408
Shaved Ice,4396
Transmission Repair,4382
Cantonese,4308
Electronics Repair,4299
Taiwanese,4257
Pan Asian,4217
Orthodontists,4215
Sports Wear,4193
Permanent Makeup,4166
Golf,4156
Patisserie/Cake Shop,4119
Peruvian,4073
Piercing,4070
Bike Rentals,4043
Boating,4024
Laser Hair Removal,4007
Pet Boarding,4000
Hot Pot,3997
Tiki Bars,3986
Lebanese,3970
Parking,3885
Walking Tours,3878
Endodontists,3860
Chiropractors,3844
Distilleries,3840
Hobby Shops,3823
Spray Tanning,3785
Airport Shuttles,3723
Wholesale Stores,3688
Kebab,3682
Turkish,3677
Toy Stores,3643
Falafel,3632
Carpet Cleaning,3627
Adult Entertainment,3601
Beaches,3590
Flooring,3584
Kosher,3582
Kids Activities,3578
International Grocery,3550
Travel Services,3537
Sports Clubs,3513
Junk Removal & Hauling,3452
Pest Control,3404
Family Practice,3402
Internet Service Providers,3391
Pharmacy,3389
Electricians,3384
Outdoor Gear,3376
Internet Cafes,3322
Imported Food,3302
Interior Design,3262
Botanical Gardens,3249
Packing Services,3248
Hookah Bars,3244
Public Markets,3204
Pediatric Dentists,3181
Banks & Credit Unions,3177
Notaries,3162
Zoos,3148
Wheel & Rim Repair,3143
Stadiums & Arenas,3142
Diagnostic Services,3131
Couriers & Delivery Services,3107
Bike Repair/Maintenance,3086
Keys & Locksmiths,3076
Laotian,3071
Real Estate Agents,3015
Mobile Phone Accessories,2998
Basque,2984
Physical Therapy,2979
Windows Installation,2970
Limos,2953
Dinner Theater,2923
Photographers,2917
Acupuncture,2905
Gay Bars,2901
Windshield Installation & Repair,2883
Tree Services,2865
Children's Clothing,2849
Nutritionists,2841
African,2839
Ophthalmologists,2803
Photography Stores & Services,2778
Ethiopian,2770
Weight Loss Centers,2747
Filipino,2724
Periodontists,2691
Recreation Centers,2662
Escape Games,2655
Taxis,2645
Music & DVDs,2643
Insurance,2633
Piano Bars,2610
Playgrounds,2605
Pool Halls,2604
Office Cleaning,2604
Smog Check Stations,2587
Jewelry Repair,2583
Vape Shops,2572
Hiking,2562
Belgian,2559
Air Duct Cleaning,2552
Watches,2530
Guns & Ammo,2488
Boat Charters,2480
Airlines,2473
Comedy Clubs,2469
Art Supplies,2460
Telecommunications,2422
Damage Restoration,2408
Security Systems,2402
Cosmetic Surgeons,2390
Shanghainese,2363
Dry Cleaning,2361
Art Museums,2360
Swimming Pools,2347
Boat Tours,2341
Wine Tours,2328
Lighting Fixtures & Equipment,2325
Religious Organizations,2324
Malaysian,2319
Formal Wear,2292
Argentine,2289
Boot Camps,2279
Social Clubs,2257
Roofing,2246
Dermatologists,2228
Post Offices,2193
Painters,2178
Carpeting,2168
Pilates,2147
Cards & Stationery,2139
Floral Designers,2137
Obstetricians & Gynecologists,2132
Mailbox Centers,2128
Party Supplies,2115
Public Transportation,2112
Team Building Activities,2109
Watch Repair,2109
Garage Door Services,2086
Souvenir Shops,2079
Mortgage Brokers,2068
Auto Customization,2061
Car Stereo Installation,2060
Handyman,2055
Persian/Iranian,2045
Aquariums,2036
Empanadas,2019
Shoe Repair,2005
Pretzels,1998
Threading Services,1983
Dog Walkers,1981
Home Inspectors,1963
Gun/Rifle Ranges,1949
Auto Loan Providers,1947
Vinyl Records,1935
Session Photography,1919
Personal Chefs,1889
Car Window Tinting,1882
Art Classes,1876
Child Care & Day Care,1871
Puerto Rican,1869
Do-It-Yourself Food,1843
Dog Parks,1833
Baby Gear & Furniture,1826
Television Service Providers,1815
Office Equipment,1776
Door Sales/Installation,1762
Macarons,1756
Moroccan,1753
Teppanyaki,1752
Motorcycle Dealers,1743
Event Photography,1731
Sports Medicine,1729
Pet Adoption,1726
Vitamins & Supplements,1719
Laboratory Testing,1714
Iberian,1709
Musical Instruments & Teachers,1701
Masonry/Concrete,1646
Cooking Classes,1638
Mongolian,1637
Lawyers,1633
Pop-Up Restaurants,1626
Gutter Services,1625
Pressure Washers,1622
Preschools,1620
Rafting/Kayaking,1597
Pool & Hot Tub Service,1591
Shades & Blinds,1588
Izakaya,1577
Gardeners,1568
Eatertainment,1562
Bus Tours,1561
Vacation Rentals,1551
Outlet Stores,1549
Head Shops,1547
Packing Supplies,1536
Cannabis Clinics,1524
Hot Tub & Pool,1519
Window Washing,1512
Truck Rental,1504
Animal Shelters,1501
Personal Shopping,1494
Internal Medicine,1491
Videos & Video Game Rental,1475
Supernatural Readings,1447
Fishing,1447
Summer Camps,1442
Orthopedists,1440
Traditional Chinese Medicine,1437
Colleges & Universities,1429
Graphic Design,1424
Interval Training Gyms,1414
Laser Eye Surgery/Lasik,1413
Motorcycle Repair,1408
Diagnostic Imaging,1403
Recycling Center,1399
Mass Media,1396
Tiling,1387
Colombian,1379
Churches,1373
Farms,1372
RV Repair,1358
RV Dealers,1356
Afghan,1354
RV Parks,1351
Glass & Mirrors,1344
Comic Books,1317
Walk-in Clinics,1309
Pediatricians,1304
Salvadoran,1299
Naturopathic/Holistic,1298
Martial Arts,1295
Lingerie,1295
Food Tours,1288
Arabic,1276
Israeli,1275
Reiki,1273
Medical Supplies,1273
Challenge Courses,1267
Party Bus Rentals,1258
Water Purification Services,1246
Musical Instrument Services,1241
Siding,1228
Skating Rinks,1224
Counseling & Mental Health,1223
Departments of Motor Vehicles,1212
Herbs & Spices,1209
Venezuelan,1207
Beer Tours,1206
Cycling Classes,1206
Irrigation,1203
Barre Classes,1203
Home Window Tinting,1198
Party Equipment Rentals,1195
Home Organization,1191
Scandinavian,1189
Signmaking,1185
Amateur Sports Teams,1182
Costumes,1178
Mini Golf,1177
Beverage Store,1170
Fabric Stores,1169
Laundromat,1164
Data Recovery,1157
Cooking Schools,1157
Landscape Architects,1157
Rugs,1155
Elementary Schools,1151
Fences & Gates,1140
Fondue,1135
Emergency Pet Hospital,1123
Paint & Sip,1119
Campgrounds,1117
Emergency Rooms,1113
Rehabilitation Center,1110
Haunted Houses,1109
Roadside Assistance,1096
Paddleboarding,1090
Russian,1090
Cannabis Dispensaries,1083
Polish,1082
University Housing,1081
Pool Cleaners,1080
Trampoline Parks,1078
Cardio Classes,1074
Armenian,1070
Leather Goods,1068
Home Theatre Installation,1068
Financial Advising,1045
Libraries,1043
Propane,1012
Indonesian,1011
Himalayan/Nepalese,1007
Mortgage Lenders,1004
Water Parks,1004
Speakeasies,1002
Funeral Services & Cemeteries,997
Auto Insurance,993
Flea Markets,993
Champagne Bars,989
Spiritual Shop,989
Framing,988
Tanning Beds,987
Cabinetry,986
Lawn Services,986
Shared Office Spaces,985
Cafeteria,970
Furniture Reupholstery,964
Professional Sports Teams,962
Dance Studios,960
Outdoor Furniture Stores,957
Cosmetology Schools,952
Teeth Whitening,948
RV Rental,929
Climbing,929
Car Buyers,926
Educational Services,924
Musicians,920
Utilities,915
Bistros,912
Country Clubs,909
DJs,900
Body Contouring,899
Tabletop Games,888
Tennis,882
Children's Museums,881
Knitting Supplies,880
Cambodian,877
Adult Education,874
Cultural Center,869
Snow Removal,859
Bespoke Clothing,848
Grout Services,831
Tattoo Removal,819
Refinishing Services,819
Carpet Installation,813
Drywall Installation & Repair,813
Art Schools,811
Plus Size Fashion,810
Portuguese,805
Adult,805
Horseback Riding,799
Marketing,798
Kombucha,796
Septic Services,795
Commercial Real Estate,792
Syrian,792
Home Automation,790
Art Tours,787
Boxing,786
Hunting & Fishing Supplies,784
Dominican,777
Candle Stores,777
Countertop Installation,770
Wigs,765
Motorcycle Gear,763
Life Coach,758
Insulation Installation,752
Surgeons,750
Strip Clubs,749
Solar Installation,738
Screen Printing/T-Shirt Printing,735
Axe Throwing,733
Gold Buyers,731
Hostels,727
Tax Services,726
Web Design,722
Swimwear,718
Mountain Biking,711
Guest Houses,709
Bike tours,708
Cigar Bars,705
Cideries,702
Firearm Training,699
Donation Center,697
Hong Kong Style Cafe,694
Fireplace Services,684
Yelp Events,681
Guitar Stores,673
Tuscan,673
Home Health Care,669
Laser Tag,665
Indoor Playcentre,659
Australian,658
Used Bookstore,649
Bar Crawl,632
Pain Management,630
Personal Injury Law,626
Saunas,626
Photo Booth Rentals,624
Sugaring,624
Screen Printing,623
Decks & Railing,618
Fitness/Exercise Equipment,615
Singaporean,615
Golf Lessons,606
Investing,605
Battery Stores,603
Wholesalers,601
Vehicle Wraps,601
Perfume,597
Home & Rental Insurance,595
Meditation Centers,587
Ethnic Grocery,587
Wildlife Control,587
Paint Stores,587
Go Karts,586
Pick Your Own Farms,585
Henna Artists,580
Shutters,579
Bartenders,578
Video Game Stores,577
Life Insurance,577
Swimming Lessons/Schools,568
Podiatrists,566
Print Media,562
Plastic Surgeons,557
CSA,552
Donairs,549
Train Stations,548
Furniture Assembly,546
Chimney Sweeps,541
Customized Merchandise,536
Day Camps,530
Race Tracks,529
Uniforms,522
Themed Cafes,517
Estheticians,517
Auto Security,515
Registration Services,511
Burmese,510
Sicilian,506
Hydro-jetting,501
Tasting Classes,497
Accountants,493
Carpenters,493
Appraisal Services,492
Float Spa,490
Baseball Fields,489
Wedding Chapels,489
Kitchen Supplies,487
Employment Agencies,486
Orthotics,483
Embroidery & Crochet,482
Delicatessen,479
Occupational Therapy,478
Advertising,475
Tui Na,468
Video/Film Production,466
Conveyor Belt Sushi,465
Radiologists,463
Psychics,463
Pawn Shops,462
Brewing Supplies,462
Popcorn Shops,459
Egyptian,455
Divorce & Family Law,450
Videographers,449
Airport Lounges,448
Diving,447
Clothing Rental,444
Generator Installation/Repair,439
Auto Upholstery,439
Neurologist,439
Dance Schools,438
Waterproofing,436
Kickboxing,432
Leisure Centers,428
Pool & Billiards,428
Commercial Truck Dealers,428
Criminal Defense Law,427
Pet Hospice,426
TV Mounting,425
Hats,425
Acne Treatment,422
Party Bike Rentals,420
Christmas Trees,418
Scottish,416
General Litigation,416
Piano Services,415
Boat Dealers,414
Auction Houses,414
Cabaret,411
Psychiatrists,411
Special Education,411
Poutineries,411
Ear Nose & Throat,409
Ukrainian,408
Golf Equipment,407
Planetarium,404
Japanese Curry,403
Rock Climbing,401
Metal Fabricators,400
Recording & Rehearsal Studios,391
Halotherapy,390
Ticket Sales,389
Kids Hair Salons,386
Commercial Truck Repair,375
Luggage,374
Hypnosis/Hypnotherapy,372
Uzbek,371
Olive Oil,370
Ski Resorts,369
Grilling Equipment,368
Car Inspectors,368
Buses,366
Maternity Wear,365
Allergists,363
Trailer Dealers,362
Boat Repair,358
Vocational & Technical School,358
DUI Law,358
Newspapers & Magazines,357
Town Car Service,355
Jet Skis,354
Gymnastics,352
Excavation Services,352
Security Services,352
Pop-up Shops,348
Retirement Homes,347
Aquarium Services,346
Surfing,345
Bangladeshi,344
Airport Terminals,343
Legal Services,342
Home Network Installation,341
Hair Loss Centers,341
Stucco Services,340
Cardiologists,340
IV Hydration,338
Alternative Medicine,337
Pet Cremation Services,336
Vehicle Shipping,335
Pumpkin Patches,333
Mobile Dent Repair,333
Honduran,327
Archery,327
Ski & Snowboard Shops,326
Shoe Shine,326
Environmental Testing,326
Gunsmith,319
Horse Racing,317
Business Consulting,314
Patio Coverings,314
Driving Schools,314
Local Fish Stores,308
Wine Tasting Classes,307
Sunglasses,306
Architectural Tours,300
Gemstones & Minerals,300
Officiants,299
Ziplining,299
Health Retreats,298
Demolition Services,293
Radio Stations,292
Whale Watching Tours,287
Pancakes,287
Trinidadian,287
Balloon Services,285
Shaved Snow,283
Workers Compensation Law,279
Pet Insurance,279
Paint-Your-Own Pottery,277
Magicians,277
Midwives,277
Water Delivery,272
Farming Equipment,271
Personal Assistants,270
Holiday Decorations,270
Psychologists,265
Valet Services,264
Restaurant Supplies,263
Home Staging,260
Dumpster Rental,258
Prenatal/Perinatal Care,257
Oncologist,256
Herbal Shops,253
Trailer Repair,253
Furniture Repair,252
Surf Shop,250
Skate Shops,249
Fire Protection Services,249
Fertility,247
Gastroenterologist,245
Spine Surgeons,245
Lakes,240
Circuit Training Gyms,239
Czech,236
Face Painting,235
Religious Items,234
Private Tutors,231
Middle Schools & High Schools,230
Tutoring Centers,227
Community Centers,226
Attraction Farms,225
Medical Cannabis Referrals,224
Dental Hygienists,224
Knife Sharpening,223
Motorcycle Rental,221
Estate Planning Law,221
Aestheticians,221
Serbo Croatian,219
Prosthodontists,218
Blood & Plasma Donation Centers,217
Drive-Thru Bars,215
Medical Transportation,214
Scooter Rentals,214
Drive-In Theater,213
Pet Waste Removal,212
Employment Law,210
Brazilian Jiu-jitsu,210
Car Share Services,209
Marinas,207
Visitor Centers,207
Pet Transportation,206
Check Cashing/Pay-day Loans,204
Virtual Reality Centers,202
Buddhist Temples,202
Unofficial Yelp Events,201
Passport & Visa Services,200
Safe Stores,199
Foundation Repair,199
Scuba Diving,199
Sleep Specialists,197
Cryotherapy,197
Television Stations,196
Skydiving,195
Roof Inspectors,195
Nicaraguan,193
Livestock Feed & Supply,193
Service Stations,191
International,190
Travel Agents,189
Disc Golf,189
Shredding Services,188
Skiing,188
Business Law,188
Osteopathic Physicians,188
Lactation Services,185
Courthouses,183
Payroll Services,182
Assisted Living Facilities,181
Condominiums,180
Environmental Abatement,180
Engraving,180
Psychic Mediums,179
Real Estate Law,176
Firewood,175
Hospice,173
Lighting Stores,172
Races & Competitions,172
Clowns,171
Batting Cages,171
Farm Equipment Repair,170
Hungarian,169
Police Departments,167
Skilled Nursing,167
Haitian,166
Business Financing,166
Health Coach,165
Massage Schools,165
Doulas,163
Career Counseling,163
Clock Repair,162
Aerial Fitness,160
Nurse Practitioner,160
Horse Boarding,158
Paintball,158
Holistic Animal Care,158
Urologists,157
Awnings,155
Country Dance Halls,154
Bocce Ball,154
Audiologist,153
Colonics,153
Skate Parks,152
Boudoir Photography,152
South African,151
Parenting Classes,151
Vacation Rental Agents,150
Childbirth Education,149
Reproductive Health Services,149
Bird Shops,148
Social Security Law,148
Sardinian,147
Endocrinologists,146
Real Estate Photography,145
Estate Liquidation,145
Addiction Medicine,144
Pole Dancing Classes,142
Fingerprinting,141
Glass Blowing,141
High Fidelity Audio Equipment,141
Beach Equipment Rentals,141
Pet Photography,140
Artificial Turf,140
Soccer,140
Tubing,139
Bankruptcy Law,138
Traffic Ticketing Law,138
Parasailing,138
Dietitians,138
Mobility Equipment Sales & Services,136
Astrologers,135
Audio/Visual Equipment Rental,134
Health Insurance Offices,133
Trailer Rental,132
House Sitters,131
Pet Breeders,131
& Probates,130
Trusts,130
Wills,130
Flight Instruction,129
Public Art,128
Reptile Shops,126
CPR Classes,124
Striptease Dancers,124
Motorsport Vehicle Repairs,124
Austrian,123
Petting Zoos,121
Concierge Medicine,120
Motorcycle Parts & Supplies,120
Music Production Services,119
Basketball Courts,119
Home Energy Auditors,118
Scooter Tours,117
Powder Coating,117
Architects,116
Meaderies,115
Rolfing,114
Snorkeling,113
Well Drilling,112
Tai Chi,111
ATV Rentals/Tours,110
Motorsport Vehicle Dealers,110
Observatories,109
Talent Agencies,108
Bookkeepers,107
Surf Schools,107
Honey,107
Tableware,107
Software Development,106
Cremation Services,106
Hearing Aid Providers,104
Trophy Shops,101
Rest Stops,101
Self-defense Classes,99
Club Crawl,99
Structural Engineers,97
Personal Care Services,97
Holiday Decorating Services,96
Test Preparation,96
Ultrasound Imaging Centers,93
Emergency Medicine,92
Outdoor Power Equipment Services,92
Muay Thai,92
Bounce House Rentals,91
Hydrotherapy,89
Title Loans,88
Machine & Tool Rental,88
Crane Services,87
Preventive Medicine,85
Scavenger Hunts,85
Nanny Services,83
Coffeeshops,81
Military Surplus,80
Taxidermy,80
Ethical Grocery,80
Private Investigation,79
Golf Equipment Shops,79
Water Stores,77
Medical Law,76
Opera & Ballet,75
Ayurveda,74
Trains,74
Homeowner Association,72
Editorial Services,72
Mobile Home Repair,72
Calabrian,72
Hot Air Balloons,71
Diamond Buyers,71
Flowers,71
LAN Centers,71
Trivia Hosts,71
Grill Services,70
Hydroponics,70
Language Schools,69
Hybrid Car Repair,69
Wallpapering,68
Art Space Rentals,68
Dive Shops,67
Sailing,67
Photography Classes,67
Sauna Installation & Repair,67
Car Brokers,67
Solar Panel Cleaning,65
Food Banks,65
Party Characters,65
Kitchen Incubators,65
Beer Hall,65
Speech Therapists,64
Cannabis Collective,64
Matchmakers,63
Home Developers,62
Senegalese,61
Sports Betting,60
Pulmonologist,60
Billing Services,59
Memory Care,59
Chinese Martial Arts,59
Karate,58
Synagogues,58
Public Relations,58
Rheumatologists,58
Pickleball,58
Debt Relief Services,57
Car Auctions,56
Somali,55
Hockey Equipment,55
Immigration Law,54
Aerial Tours,53
Translation Services,53
Lice Services,53
Hotel bar,53
Art Restoration,52
Vascular Medicine,52
Anesthesiologists,52
Bus Rental,52
Animal Physical Therapy,51
Dance Wear,51
Embassy,51
Machine Shops,50
Cucina campana,50
Sledding,50
Installment Loans,49
Commissioned Artists,49
Pedicabs,49
Ranches,48
Public Adjusters,48
Airsoft,47
Qi Gong,47
Georgian,47
Prosthetics,46
First Aid Classes,45
Product Design,45
Safety Equipment,44
Boat Parts & Supplies,43
Religious Schools,42
Digitizing Services,42
Fur Clothing,42
Backflow Services,42
Oxygen Bars,41
Tax Law,41
Bookbinding,41
Piano Stores,40
Traffic Schools,39
Bartending Schools,38
Oriental,38
Golf Cart Rentals,38
Traditional Clothing,37
Mediators,37
Junkyards,37
Taekwondo,35
Bus Stations,34
Placenta Encapsulations,34
Kiosk,34
Montessori Schools,34
Mobile Home Dealers,34
Nudist,34
Mobile Home Parks,33
EV Charging Stations,33
Caricatures,33
Indoor Landscaping,32
Disability Law,32
Furniture Rental,32
Hainan,32
Spin Classes,32
Private Schools,31
Hang Gliding,31
Carousels,31
Racing Experience,31
Behavior Analysts,31
Fireworks,30
Parent Cafes,30
Teacher Supplies,29
Consumer Law,29
Osteopaths,29
Municipality,28
Free Diving,28
Bike Sharing,28
Apartment Agents,28
Sport Equipment Hire,28
Sandblasting,27
3D Printing,27
Hazardous Waste Disposal,26
Retina Specialists,26
Private Jet Charter,25
Bail Bondsmen,25
Experiences,25
Golf Cart Dealers,25
Supper Clubs,24
Adoption Services,24
Bicycles,24
Electricity Suppliers,24
Badminton,24
Mortuary Services,23
Process Servers,22
Land Surveying,22
College Counseling,22
Undersea/Hyperbaric Medicine,21
Cheese Tasting Classes,21
Horse Equipment Shops,20
Carpet Dyeing,20
Hindu Temples,20
Paragliding,20
Neurotologists,19
Sex Therapists,19
Sri Lankan,19
Hospitalists,19
Duplication Services,19
Silent Disco,19
Contract Law,18
Ice Delivery,18
Neuropathologists,18
Playsets,18
Ferries,18
Elder Care Planning,18
Phlebologists,17
Bingo Halls,17
Bike Parking,17
Coffee & Tea Supplies,17
Currency Exchange,17
Elevator Services,17
Rodeo,16
Senior Centers,16
Childproofing,16
Bike Repair,15
Gerontologists,15
Crisis Pregnancy Centers,14
Otologists,14
Vermouth Bars,14
Portable Toilet Services,13
Biohazard Cleanup,13
Community Gardens,13
Luggage Storage,13
Drama Schools,12
Game Truck Rental,12
Parklets,12
General Festivals,12
Dumplings,12
Kiteboarding,12
Roman,11
Drones,11
Immunodermatologists,11
Jails & Prisons,11
Waldorf Schools,11
Infectious Disease Specialists,11
Bubble Soccer,11
Dialysis Clinics,11
Homeless Shelters,10
Sports Psychologists,10
Nephrologists,10
Outdoor Movies,10
Tenant and Eviction Law,10
Proctologists,9
Eastern European,9
DIY Auto Shop,9
Ski Schools,9
Bike Shop,9
Sheds & Outdoor Storage,8
Hakka,8
Water Suppliers,8
Nursing Schools,8
Squash,8
Aircraft Repairs,8
Pathologists,8
Halfway Houses,8
Mohels,7
Animal Assisted Therapy,7
Guamanian,7
Wildlife Hunting Ranges,7
IP & Internet Law,6
Veterans Organizations,6
Dart Arenas,6
Storefront Clinics,6
Donburi,6
Tonkatsu,6
Cannabis Tours,6
Calligraphy,6
Circus Schools,6
Art Consultants,5
Sperm Clinic,5
Bicycle Paths,5
Pita,4
Mosques,4
Beach Bars,4
Faith-based Crisis Pregnancy Centers,4
Concept Shops,4
Flyboarding,4
Fire Departments,4
Foot Care,4
Aircraft Dealers,4
Vocal Coach,4
Props,3
Art Installation,3
Town Hall,3
Aviation Services,3
Metal Detector Services,3
Lahmacun,3
Hepatologists,3
Trade Fairs,3
Fencing Clubs,3
Karaoke Rental,3
Patent Law,2
Fuel Docks,2
Ceremonial Clothing,2
Cheerleading,2
Housing Cooperatives,2
Makerspaces,2
Fuzhou,2
Elder Law,2
Natural Gas Suppliers,2
Interlock Systems,1
DUI Schools,1
Stonemasons,1
